{"stats":{"minecraft:used":{"minecraft:bread":1,"minecraft:stone_pickaxe":27,"minecraft:spruce_planks":3,"minecraft:wooden_pickaxe":3,"minecraft:blue_bed":2,"minecraft:crafting_table":1,"alexsmobs:animal_dictionary":2},"minecraft:mined":{"minecraft:wheat":3,"minecraft:sweet_berry_bush":11,"minecraft:lilac":1,"minecraft:pumpkin":1,"treechop:chopped_log":1,"minecraft:peony":1,"minecraft:crafting_table":2,"minecraft:grass":4,"minecraft:blast_furnace":2,"minecraft:bookshelf":6,"minecraft:coal_ore":11,"minecraft:purple_carpet":6,"minecraft:tall_grass":1,"minecraft:cobblestone":3,"minecraft:stone":1,"minecraft:blue_bed":3},"minecraft:picked_up":{"minecraft:book":18,"minecraft:crafting_table":2,"minecraft:iron_chestplate":1,"minecraft:wheat":3,"minecraft:lilac":1,"minecraft:pumpkin":1,"minecraft:sweet_berries":27,"minecraft:spruce_sapling":1,"minecraft:blast_furnace":2,"minecraft:spruce_log":9,"minecraft:blue_bed":3,"minecraft:purple_carpet":6,"minecraft:armor_stand":2,"minecraft:rotten_flesh":2,"minecraft:wheat_seeds":8,"minecraft:peony":1,"minecraft:iron_helmet":1,"minecraft:coal":11,"minecraft:cobblestone":4},"minecraft:custom":{"minecraft:time_since_rest":4762,"minecraft:sprint_one_cm":48325,"minecraft:damage_taken":134,"minecraft:walk_one_cm":34576,"minecraft:mob_kills":1,"minecraft:damage_dealt":82,"minecraft:talked_to_villager":1,"minecraft:interact_with_crafting_table":2,"minecraft:fly_one_cm":36588,"minecraft:open_chest":6,"minecraft:crouch_one_cm":82,"minecraft:play_time":16617,"minecraft:sneak_time":155,"minecraft:jump":159,"minecraft:time_since_death":16617,"minecraft:sleep_in_bed":1,"minecraft:total_world_time":16617,"minecraft:fall_one_cm":3526},"minecraft:crafted":{"minecraft:spruce_planks":108,"minecraft:stick":28,"minecraft:wooden_pickaxe":1,"minecraft:stone_pickaxe":1}},"DataVersion":3120}