{"stats":{"minecraft:killed_by":{"undead_revamp2:the_moonflower":3,"undead_revamp2:clogger":1,"undead_revamp2:thespitter":1,"minecraft:spider":1,"creeperoverhaul:beach_creeper":2,"siren_head:siren_head":2},"minecraft:used":{"minecraft:wooden_axe":14,"minecraft:birch_planks":14,"minecraft:spruce_planks":1,"minecraft:crafting_table":1,"luminousworld:decorative_brown_mushroom_1":1},"minecraft:custom":{"minecraft:time_since_rest":3110,"minecraft:sprint_one_cm":32987,"minecraft:damage_taken":3500,"minecraft:walk_one_cm":39971,"minecraft:mob_kills":1,"minecraft:damage_dealt":390,"minecraft:swim_one_cm":32008,"minecraft:interact_with_crafting_table":1,"minecraft:fly_one_cm":41392,"minecraft:open_chest":2,"minecraft:crouch_one_cm":362,"minecraft:play_time":27397,"minecraft:deaths":10,"minecraft:sneak_time":577,"minecraft:walk_under_water_one_cm":11745,"minecraft:jump":264,"minecraft:leave_game":3,"minecraft:walk_on_water_one_cm":5541,"minecraft:time_since_death":2899,"minecraft:total_world_time":27397,"minecraft:fall_one_cm":7189},"minecraft:killed":{"born_in_chaos_v1:decrepit_skeleton":1},"minecraft:picked_up":{"minecraft:birch_log":7,"minecraft:stick":1,"minecraft:crafting_table":1,"minecraft:birch_planks":8,"minecraft:gravel":27,"minecraft:flint":4,"minecraft:lapis_lazuli":1,"luminousworld:decorative_brown_mushroom_1":1,"minecraft:arrow":1,"minecraft:bone":4,"minecraft:rotten_flesh":4,"minecraft:gold_nugget":4,"minecraft:spruce_planks":1,"minecraft:iron_ingot":3,"minecraft:emerald":16,"born_in_chaos_v1:gnawed_bones":1,"minecraft:gold_ingot":1,"minecraft:iron_nugget":1,"minecraft:chest":1,"minecraft:birch_sapling":4},"minecraft:mined":{"minecraft:birch_planks":8,"minecraft:spruce_planks":1,"minecraft:birch_log":2,"treechop:chopped_log":1,"minecraft:crafting_table":1,"gravestone:gravestone":3,"minecraft:grass":1,"minecraft:chest":1,"luminousworld:decorative_brown_mushroom_1":1},"minecraft:crafted":{"minecraft:crafting_table":1,"minecraft:stick":4,"minecraft:wooden_axe":1,"minecraft:birch_planks":20}},"DataVersion":3120}