{"stats":{"minecraft:broken":{"minecraft:wooden_axe":1},"minecraft:crafted":{"minecraft:cooked_porkchop":11,"minecraft:crafting_table":6,"minecraft:wooden_pickaxe":2,"minecraft:furnace":2,"minecraft:stone_axe":1,"minecraft:air":0,"minecraft:cobblestone":7,"minecraft:diamond_pickaxe":1,"minecraft:stick":152,"minecraft:stone_pickaxe":2,"minecraft:wooden_axe":3,"luminousworld:baobab_slab":411,"minecraft:acacia_planks":112,"minecraft:torch":36,"luminousworld:baobab_plank":576},"minecraft:custom":{"minecraft:interact_with_furnace":7,"minecraft:mob_kills":18,"minecraft:interact_with_crafting_table":24,"minecraft:open_barrel":2,"minecraft:bell_ring":1,"minecraft:leave_game":4,"minecraft:time_since_death":11796,"minecraft:sleep_in_bed":2,"minecraft:climb_one_cm":3186,"minecraft:time_since_rest":11879,"minecraft:sprint_one_cm":397609,"minecraft:damage_taken":6680,"minecraft:walk_one_cm":380777,"minecraft:drop":16,"minecraft:damage_dealt":1884,"minecraft:swim_one_cm":34237,"minecraft:fly_one_cm":352837,"minecraft:crouch_one_cm":25523,"minecraft:open_chest":29,"minecraft:play_time":157656,"minecraft:deaths":14,"minecraft:sneak_time":16044,"minecraft:walk_under_water_one_cm":13146,"minecraft:jump":1958,"minecraft:walk_on_water_one_cm":20074,"minecraft:total_world_time":157656,"minecraft:fall_one_cm":36668},"minecraft:used":{"minecraft:moss_block":6,"minecraft:stone_pickaxe":107,"minecraft:wooden_pickaxe":23,"minecraft:iron_sword":10,"luminousworld:bao_bob_log":6,"minecraft:green_bed":1,"luminousworld:groundpebbles_1":1,"minecraft:torch":31,"luminousworld:baobab_plank":49,"minecraft:dirt":4,"minecraft:crafting_table":6,"minecraft:acacia_leaves":2,"luminousworld:creepberries":4,"minecraft:iron_hoe":65,"minecraft:wooden_axe":72,"minecraft:diamond_pickaxe":3,"luminousworld:baobab_slab":376,"minecraft:iron_axe":2,"minecraft:bread":3,"minecraft:packed_mud":1,"minecraft:stone_axe":1,"minecraft:cobblestone":25,"luminousworld:savannah_soil":1,"minecraft:furnace":2,"minecraft:cooked_porkchop":4,"alexsmobs:animal_dictionary":9,"minecraft:acacia_planks":7},"minecraft:killed_by":{"undead_revamp2:the_moonflower":4,"born_in_chaos_v1:nightmare_stalker":3,"endermanoverhaul:cave_enderman":1,"born_in_chaos_v1:door_knight":1,"siren_head:siren_head":1,"luminousworld:savannah_skeleton":1},"minecraft:dropped":{"minecraft:wheat_seeds":2,"minecraft:tropical_fish":1,"minecraft:torch":1,"minecraft:wooden_axe":1,"minecraft:acacia_sapling":1,"gravestone:obituary":9,"minecraft:wooden_pickaxe":1},"minecraft:picked_up":{"luminousworld:savannah_ground":1,"luminousworld:groundpebbles_1":92,"minecraft:crafting_table":2,"minecraft:coarse_dirt":4,"minecraft:wheat":6,"minecraft:flower_pot":2,"minecraft:creeper_head":1,"minecraft:anvil":1,"minecraft:andesite":2,"minecraft:salmon":1,"minecraft:acacia_leaves":2,"luminousworld:bao_bob_wood":29,"minecraft:packed_mud":1,"gravestone:obituary":3,"minecraft:dirt":36,"minecraft:paper":4,"minecraft:smooth_sandstone":2,"minecraft:pufferfish":2,"minecraft:kelp":3,"minecraft:wheat_seeds":2,"minecraft:iron_ingot":5,"luminousworld:elephant_grass":13,"minecraft:cobweb":5,"minecraft:iron_nugget":2,"minecraft:poppy":2,"minecraft:spruce_slab":1,"minecraft:moss_block":6,"minecraft:melon_slice":1,"minecraft:chest":5,"minecraft:acacia_sapling":18,"minecraft:furnace":1,"minecraft:egg":1,"minecraft:book":2,"luminousworld:bao_bab_sapling":4,"minecraft:stick":11,"minecraft:raw_iron":6,"minecraft:emerald_block":1,"luminousworld:creepberries":11,"minecraft:torch":9,"minecraft:acacia_log":32,"minecraft:green_bed":1,"minecraft:spruce_fence":2,"luminousworld:savannah_soil":1,"minecraft:porkchop":30,"minecraft:dead_bush":2,"luminousworld:baobab_plank":11,"minecraft:rotten_flesh":4,"minecraft:diamond":1,"minecraft:tropical_fish":1,"luminousworld:baobab_slab":21,"minecraft:hay_block":57,"alexsmobs:emu_egg":3,"minecraft:emerald":6,"minecraft:spruce_sign":42,"minecraft:gold_ingot":6,"minecraft:bread":5,"luminousworld:tall_deadbush":10,"luminousworld:bao_bob_log":138,"minecraft:coal":73,"minecraft:cod":1,"minecraft:cobblestone":55},"minecraft:killed":{"minecraft:pig":16,"undead_revamp2:the_moonflower":1},"minecraft:mined":{"luminousworld:savannah_soil":1,"luminousworld:groundpebbles_1":32,"minecraft:acacia_leaves":22,"luminousworld:baobab_slab":19,"luminousworld:tall_deadbush":10,"minecraft:torch":6,"minecraft:smooth_sandstone":2,"minecraft:crafting_table":2,"gravestone:gravestone":4,"luminousworld:savannah_grass_1":60,"minecraft:acacia_log":12,"minecraft:grass_block":24,"luminousworld:bao_bob_wood":1,"minecraft:spruce_fence":2,"minecraft:chest":5,"luminousworld:baobab_plank":11,"minecraft:tall_grass":3,"minecraft:cobblestone":1,"minecraft:moss_block":6,"minecraft:wall_torch":3,"luminousworld:groundpebbles_3":32,"luminousworld:savanna_grass_2":57,"minecraft:hay_block":58,"minecraft:coarse_dirt":4,"minecraft:packed_mud":1,"minecraft:furnace":1,"minecraft:iron_ore":7,"minecraft:creeper_head":1,"minecraft:andesite":2,"luminousworld:bao_bob_log":22,"treechop:chopped_log":7,"minecraft:anvil":1,"minecraft:grass":56,"minecraft:coal_ore":63,"minecraft:flower_pot":1,"minecraft:dirt":13,"minecraft:stone":55,"luminousworld:groundpebbles_2":32,"luminousworld:elephant_grass":16,"luminousworld:savannah_grass_4":58,"minecraft:spruce_slab":1,"minecraft:green_bed":1,"luminousworld:savannah_ground":1,"luminousworld:creepbush":11}},"DataVersion":3120}