{"stats":{"minecraft:broken":{"minecraft:stone_pickaxe":3,"minecraft:wooden_axe":1},"minecraft:dropped":{"minecraft:wheat_seeds":2,"minecraft:tropical_fish":1,"minecraft:torch":3,"minecraft:wooden_axe":2,"gravestone:obituary":10,"minecraft:acacia_sapling":1,"minecraft:wooden_pickaxe":1},"minecraft:custom":{"minecraft:mob_kills":22,"minecraft:interact_with_crafting_table":49,"minecraft:open_barrel":2,"minecraft:bell_ring":1,"minecraft:leave_game":7,"minecraft:time_since_death":27533,"minecraft:climb_one_cm":3186,"minecraft:sprint_one_cm":610261,"minecraft:walk_one_cm":594912,"minecraft:drop":20,"minecraft:play_time":264221,"minecraft:deaths":23,"minecraft:sneak_time":18833,"minecraft:walk_under_water_one_cm":25978,"minecraft:jump":3101,"minecraft:walk_on_water_one_cm":29560,"minecraft:total_world_time":264221,"minecraft:interact_with_furnace":39,"minecraft:sleep_in_bed":2,"minecraft:time_since_rest":27610,"minecraft:damage_taken":9790,"minecraft:damage_dealt":3242,"minecraft:swim_one_cm":75250,"minecraft:fly_one_cm":566898,"minecraft:open_chest":34,"minecraft:crouch_one_cm":28290,"minecraft:fall_one_cm":60905},"minecraft:killed_by":{"undead_revamp2:the_moonflower":7,"born_in_chaos_v1:restless_spirit":1,"born_in_chaos_v1:nightmare_stalker":3,"endermanoverhaul:cave_enderman":2,"minecraft:pillager":1,"siren_head:siren_head":3,"minecraft:skeleton":1,"born_in_chaos_v1:door_knight":1,"luminousworld:savannah_skeleton":1},"minecraft:mined":{"luminousworld:groundpebbles_1":59,"luminousworld:baobab_slab":24,"gravestone:gravestone":11,"minecraft:granite":67,"minecraft:acacia_log":20,"luminousworld:bao_bob_wood":1,"minecraft:grass_block":25,"minecraft:spruce_fence":2,"born_in_chaos_v1:black_argillite":5,"luminousworld:baobab_plank":27,"minecraft:moss_block":6,"luminousworld:groundpebbles_3":32,"luminousworld:savanna_grass_2":68,"minecraft:hay_block":58,"minecraft:furnace":3,"minecraft:packed_mud":1,"minecraft:iron_ore":29,"minecraft:andesite":2,"treechop:chopped_log":9,"minecraft:anvil":1,"minecraft:deepslate_iron_ore":30,"luminousworld:groundpebbles_2":42,"minecraft:stone":377,"minecraft:spruce_slab":1,"minecraft:green_bed":1,"luminousworld:creepbush":11,"luminousworld:savannah_soil":8,"minecraft:acacia_leaves":25,"luminousworld:tall_deadbush":13,"minecraft:smooth_sandstone":2,"minecraft:crafting_table":8,"minecraft:torch":7,"luminousworld:savannah_grass_1":73,"minecraft:chest":5,"minecraft:dead_bush":1,"minecraft:tall_grass":5,"minecraft:copper_ore":39,"minecraft:cobblestone":3,"minecraft:deepslate_gold_ore":2,"minecraft:sugar_cane":1,"minecraft:wall_torch":4,"minecraft:coarse_dirt":4,"minecraft:creeper_head":1,"unusualprehistory:stone_fossil":2,"luminousworld:bao_bob_log":29,"minecraft:grass":72,"minecraft:coal_ore":150,"luminousworld:ishstone":4,"minecraft:flower_pot":1,"minecraft:gravel":9,"minecraft:dirt":41,"minecraft:acacia_planks":1,"luminousworld:savannah_grass_4":68,"luminousworld:elephant_grass":20,"minecraft:gold_ore":7,"minecraft:deepslate":24,"luminousworld:savannah_ground":5},"minecraft:killed":{"born_in_chaos_v1:restless_spirit":1,"minecraft:pig":16,"undead_revamp2:the_moonflower":1,"minecraft:zombie":2,"born_in_chaos_v1:corpse_fly":1},"minecraft:picked_up":{"luminousworld:groundpebbles_1":129,"minecraft:crafting_table":7,"minecraft:coarse_dirt":4,"minecraft:wheat":6,"minecraft:anvil":1,"minecraft:creeper_head":1,"minecraft:flower_pot":2,"luminousworld:bao_bob_wood":29,"gravestone:obituary":3,"born_in_chaos_v1:black_argillite":5,"minecraft:raw_copper":135,"minecraft:pufferfish":2,"minecraft:cobbled_deepslate":15,"minecraft:poppy":2,"minecraft:iron_nugget":2,"minecraft:spruce_slab":1,"minecraft:melon_slice":1,"minecraft:sugar_cane":1,"minecraft:chest":5,"minecraft:egg":1,"minecraft:furnace":3,"luminousworld:bao_bab_sapling":4,"minecraft:stick":16,"minecraft:raw_iron":58,"minecraft:green_bed":1,"minecraft:torch":12,"minecraft:acacia_log":48,"minecraft:spruce_fence":2,"luminousworld:savannah_soil":8,"minecraft:porkchop":30,"luminousworld:baobab_plank":27,"minecraft:rotten_flesh":6,"minecraft:tropical_fish":1,"luminousworld:baobab_slab":25,"minecraft:hay_block":57,"alexsmobs:emu_egg":3,"minecraft:gold_ingot":6,"luminousworld:tall_deadbush":13,"minecraft:cod":1,"minecraft:cobblestone":380,"born_in_chaos_v1:corpse_maggot":1,"luminousworld:savannah_ground":5,"minecraft:andesite":2,"minecraft:salmon":1,"luminousworld:ishstone":3,"minecraft:acacia_leaves":2,"what_gecko:crayfish_item":1,"minecraft:packed_mud":1,"savage_and_ravage:creeper_spores":3,"minecraft:gunpowder":1,"minecraft:paper":4,"minecraft:dirt":65,"minecraft:smooth_sandstone":2,"minecraft:acacia_planks":1,"minecraft:kelp":3,"minecraft:wheat_seeds":4,"minecraft:raw_gold":9,"luminousworld:elephant_grass":17,"minecraft:iron_ingot":5,"minecraft:cobweb":5,"minecraft:moss_block":6,"minecraft:acacia_sapling":20,"minecraft:book":2,"minecraft:emerald_block":1,"luminousworld:creepberries":11,"born_in_chaos_v1:ethereal_spirit":1,"minecraft:gravel":9,"minecraft:dead_bush":2,"minecraft:diamond":1,"minecraft:granite":41,"minecraft:emerald":6,"minecraft:spruce_sign":42,"minecraft:bread":5,"luminousworld:bao_bob_log":145,"minecraft:coal":219,"unusualprehistory:mezo_fossil":2},"minecraft:used":{"minecraft:moss_block":6,"luminousworld:baotable":2,"minecraft:chest":1,"minecraft:iron_sword":10,"luminousworld:bao_bob_log":7,"minecraft:torch":75,"minecraft:dirt":4,"minecraft:iron_hoe":65,"minecraft:wooden_axe":98,"luminousworld:baobab_slab":478,"minecraft:iron_axe":9,"minecraft:packed_mud":1,"luminousworld:savannah_soil":1,"minecraft:furnace":6,"minecraft:acacia_planks":16,"minecraft:stone_pickaxe":570,"minecraft:wooden_pickaxe":104,"luminousworld:groundpebbles_1":1,"minecraft:green_bed":1,"luminousworld:baobab_plank":64,"minecraft:crafting_table":13,"minecraft:acacia_leaves":2,"luminousworld:creepberries":4,"minecraft:diamond_pickaxe":3,"minecraft:bread":3,"minecraft:iron_pickaxe":75,"minecraft:gravel":4,"minecraft:stone_axe":31,"minecraft:cobblestone":30,"minecraft:cooked_porkchop":9,"alexsmobs:animal_dictionary":9},"minecraft:crafted":{"luminousworld:baotable":2,"immersive_melodies:trumpet":1,"minecraft:furnace":6,"minecraft:iron_axe":2,"minecraft:stone_pickaxe":7,"luminousworld:baobab_slab":462,"minecraft:chest":1,"minecraft:cooked_porkchop":25,"minecraft:crafting_table":9,"minecraft:wooden_pickaxe":5,"minecraft:copper_ingot":41,"minecraft:stone_axe":4,"minecraft:air":0,"minecraft:charcoal":5,"minecraft:diamond_pickaxe":1,"minecraft:cobblestone":11,"minecraft:stick":204,"minecraft:iron_ingot":24,"minecraft:iron_pickaxe":2,"minecraft:wooden_axe":3,"minecraft:stone_sword":1,"minecraft:gold_ingot":9,"minecraft:acacia_planks":172,"minecraft:torch":148,"luminousworld:baobab_plank":628}},"DataVersion":3120}