{"stats":{"minecraft:mined":{"luminousworld:savannah_soil":1,"minecraft:acacia_leaves":18,"minecraft:torch":3,"minecraft:smooth_sandstone":2,"minecraft:crafting_table":1,"gravestone:gravestone":3,"minecraft:acacia_log":6,"minecraft:grass_block":24,"minecraft:spruce_fence":2,"minecraft:chest":5,"minecraft:tall_grass":1,"minecraft:cobblestone":1,"minecraft:moss_block":5,"minecraft:wall_torch":2,"minecraft:hay_block":58,"minecraft:coarse_dirt":4,"minecraft:packed_mud":1,"minecraft:iron_ore":4,"minecraft:creeper_head":1,"minecraft:andesite":2,"treechop:chopped_log":4,"minecraft:anvil":1,"minecraft:grass":41,"minecraft:coal_ore":23,"minecraft:flower_pot":1,"minecraft:dirt":13,"minecraft:stone":40,"minecraft:spruce_slab":1,"minecraft:green_bed":1,"luminousworld:creepbush":11},"minecraft:killed_by":{"undead_revamp2:the_moonflower":2,"endermanoverhaul:cave_enderman":1,"luminousworld:savannah_skeleton":1},"minecraft:crafted":{"minecraft:cooked_porkchop":11,"minecraft:crafting_table":3,"minecraft:wooden_pickaxe":2,"minecraft:furnace":2,"minecraft:stone_axe":1,"minecraft:air":0,"minecraft:diamond_pickaxe":1,"minecraft:stick":24,"minecraft:stone_pickaxe":2,"minecraft:wooden_axe":1,"minecraft:acacia_planks":84,"minecraft:torch":24},"minecraft:broken":{"minecraft:wooden_axe":1},"minecraft:killed":{"minecraft:pig":8,"undead_revamp2:the_moonflower":1},"minecraft:dropped":{"minecraft:wheat_seeds":1,"minecraft:tropical_fish":1,"minecraft:acacia_sapling":1,"gravestone:obituary":2,"minecraft:wooden_pickaxe":1},"minecraft:custom":{"minecraft:interact_with_furnace":7,"minecraft:mob_kills":10,"minecraft:interact_with_crafting_table":11,"minecraft:open_barrel":2,"minecraft:bell_ring":1,"minecraft:leave_game":1,"minecraft:time_since_death":12383,"minecraft:sleep_in_bed":2,"minecraft:climb_one_cm":3186,"minecraft:time_since_rest":12431,"minecraft:sprint_one_cm":222165,"minecraft:damage_taken":4120,"minecraft:walk_one_cm":159841,"minecraft:drop":6,"minecraft:damage_dealt":1049,"minecraft:swim_one_cm":8492,"minecraft:fly_one_cm":230075,"minecraft:open_chest":29,"minecraft:crouch_one_cm":1468,"minecraft:play_time":74709,"minecraft:deaths":6,"minecraft:sneak_time":581,"minecraft:walk_under_water_one_cm":6068,"minecraft:jump":1227,"minecraft:walk_on_water_one_cm":11524,"minecraft:total_world_time":74709,"minecraft:fall_one_cm":25685},"minecraft:picked_up":{"minecraft:coarse_dirt":4,"minecraft:crafting_table":1,"minecraft:wheat":6,"minecraft:flower_pot":2,"minecraft:creeper_head":1,"minecraft:anvil":1,"minecraft:andesite":2,"minecraft:salmon":1,"minecraft:acacia_leaves":2,"minecraft:packed_mud":1,"gravestone:obituary":1,"minecraft:dirt":36,"minecraft:paper":4,"minecraft:smooth_sandstone":2,"minecraft:pufferfish":2,"minecraft:kelp":3,"minecraft:wheat_seeds":1,"minecraft:iron_ingot":5,"minecraft:cobweb":5,"minecraft:iron_nugget":2,"minecraft:poppy":2,"minecraft:spruce_slab":1,"minecraft:moss_block":5,"minecraft:melon_slice":1,"minecraft:chest":5,"minecraft:acacia_sapling":14,"minecraft:egg":1,"minecraft:book":2,"minecraft:stick":3,"minecraft:raw_iron":4,"minecraft:emerald_block":1,"luminousworld:creepberries":11,"minecraft:torch":5,"minecraft:acacia_log":21,"minecraft:green_bed":1,"minecraft:spruce_fence":2,"luminousworld:savannah_soil":1,"minecraft:porkchop":16,"minecraft:dead_bush":2,"minecraft:rotten_flesh":4,"minecraft:diamond":1,"minecraft:tropical_fish":1,"minecraft:hay_block":57,"minecraft:bread":5,"minecraft:spruce_sign":42,"minecraft:gold_ingot":6,"minecraft:emerald":6,"minecraft:coal":22,"minecraft:cod":1,"minecraft:cobblestone":41},"minecraft:used":{"minecraft:moss_block":5,"minecraft:stone_pickaxe":48,"minecraft:wooden_pickaxe":23,"minecraft:iron_sword":10,"minecraft:green_bed":1,"minecraft:torch":17,"minecraft:dirt":4,"minecraft:crafting_table":4,"minecraft:acacia_leaves":2,"luminousworld:creepberries":4,"minecraft:iron_hoe":65,"minecraft:wooden_axe":53,"minecraft:diamond_pickaxe":3,"minecraft:iron_axe":2,"minecraft:bread":3,"minecraft:packed_mud":1,"minecraft:cobblestone":3,"luminousworld:savannah_soil":1,"minecraft:cooked_porkchop":3,"minecraft:furnace":2,"alexsmobs:animal_dictionary":9,"minecraft:acacia_planks":7}},"DataVersion":3120}