{"stats":{"minecraft:mined":{"luminousworld:savannah_soil":1,"minecraft:acacia_leaves":9,"minecraft:smooth_sandstone":2,"gravestone:gravestone":2,"minecraft:grass_block":2,"minecraft:spruce_fence":2,"minecraft:chest":5,"minecraft:tall_grass":1,"minecraft:hay_block":58,"minecraft:iron_ore":4,"minecraft:creeper_head":1,"minecraft:andesite":2,"treechop:chopped_log":1,"minecraft:anvil":1,"minecraft:grass":28,"minecraft:coal_ore":6,"minecraft:flower_pot":1,"minecraft:stone":11,"minecraft:spruce_slab":1,"minecraft:green_bed":1,"luminousworld:creepbush":11},"minecraft:killed_by":{"undead_revamp2:the_moonflower":1,"endermanoverhaul:cave_enderman":1,"luminousworld:savannah_skeleton":1},"minecraft:crafted":{"minecraft:crafting_table":1,"minecraft:wooden_pickaxe":1,"minecraft:furnace":1,"minecraft:diamond_pickaxe":1,"minecraft:stick":12,"minecraft:stone_pickaxe":1,"minecraft:acacia_planks":20,"minecraft:torch":12},"minecraft:killed":{"minecraft:pig":2,"undead_revamp2:the_moonflower":1},"minecraft:dropped":{"minecraft:wheat_seeds":1,"minecraft:tropical_fish":1,"minecraft:acacia_sapling":1,"gravestone:obituary":2,"minecraft:wooden_pickaxe":1},"minecraft:custom":{"minecraft:interact_with_furnace":4,"minecraft:mob_kills":3,"minecraft:interact_with_crafting_table":5,"minecraft:open_barrel":2,"minecraft:bell_ring":1,"minecraft:leave_game":1,"minecraft:time_since_death":759,"minecraft:sleep_in_bed":2,"minecraft:climb_one_cm":3186,"minecraft:time_since_rest":797,"minecraft:sprint_one_cm":150096,"minecraft:damage_taken":3720,"minecraft:walk_one_cm":98130,"minecraft:drop":6,"minecraft:damage_dealt":320,"minecraft:swim_one_cm":5256,"minecraft:fly_one_cm":136859,"minecraft:open_chest":29,"minecraft:crouch_one_cm":1096,"minecraft:play_time":50709,"minecraft:deaths":5,"minecraft:sneak_time":290,"minecraft:walk_under_water_one_cm":5435,"minecraft:jump":721,"minecraft:walk_on_water_one_cm":10347,"minecraft:total_world_time":50709,"minecraft:fall_one_cm":14877},"minecraft:used":{"minecraft:stone_pickaxe":20,"minecraft:wooden_pickaxe":3,"minecraft:iron_sword":10,"minecraft:green_bed":1,"minecraft:torch":8,"minecraft:crafting_table":1,"luminousworld:creepberries":4,"minecraft:iron_hoe":65,"minecraft:diamond_pickaxe":3,"minecraft:iron_axe":2,"minecraft:bread":3,"luminousworld:savannah_soil":1,"minecraft:furnace":1,"alexsmobs:animal_dictionary":9,"minecraft:acacia_planks":3},"minecraft:picked_up":{"minecraft:wheat":6,"minecraft:flower_pot":2,"minecraft:creeper_head":1,"minecraft:anvil":1,"minecraft:andesite":2,"minecraft:salmon":1,"gravestone:obituary":1,"minecraft:dirt":1,"minecraft:paper":4,"minecraft:smooth_sandstone":2,"minecraft:pufferfish":2,"minecraft:kelp":3,"minecraft:wheat_seeds":1,"minecraft:iron_ingot":5,"minecraft:cobweb":5,"minecraft:iron_nugget":2,"minecraft:poppy":2,"minecraft:spruce_slab":1,"minecraft:melon_slice":1,"minecraft:chest":5,"minecraft:acacia_sapling":1,"minecraft:egg":1,"minecraft:book":2,"minecraft:stick":1,"minecraft:raw_iron":4,"minecraft:emerald_block":1,"luminousworld:creepberries":11,"minecraft:acacia_log":5,"minecraft:green_bed":1,"minecraft:spruce_fence":2,"luminousworld:savannah_soil":1,"minecraft:porkchop":5,"minecraft:dead_bush":2,"minecraft:rotten_flesh":3,"minecraft:diamond":1,"minecraft:tropical_fish":1,"minecraft:hay_block":57,"minecraft:bread":5,"minecraft:spruce_sign":42,"minecraft:gold_ingot":6,"minecraft:emerald":6,"minecraft:coal":6,"minecraft:cod":1,"minecraft:cobblestone":11}},"DataVersion":3120}