{"stats":{"minecraft:broken":{"minecraft:stone_pickaxe":2,"minecraft:wooden_axe":1},"minecraft:dropped":{"minecraft:wheat_seeds":2,"minecraft:tropical_fish":1,"minecraft:torch":1,"minecraft:wooden_axe":2,"gravestone:obituary":10,"minecraft:acacia_sapling":1,"minecraft:wooden_pickaxe":1},"minecraft:custom":{"minecraft:mob_kills":22,"minecraft:interact_with_crafting_table":37,"minecraft:open_barrel":2,"minecraft:bell_ring":1,"minecraft:leave_game":7,"minecraft:time_since_death":8531,"minecraft:climb_one_cm":3186,"minecraft:sprint_one_cm":551550,"minecraft:walk_one_cm":531754,"minecraft:drop":18,"minecraft:play_time":228221,"minecraft:deaths":20,"minecraft:sneak_time":17108,"minecraft:walk_under_water_one_cm":15259,"minecraft:jump":2739,"minecraft:walk_on_water_one_cm":25406,"minecraft:total_world_time":228221,"minecraft:interact_with_furnace":27,"minecraft:sleep_in_bed":2,"minecraft:time_since_rest":8579,"minecraft:damage_taken":8730,"minecraft:damage_dealt":2821,"minecraft:swim_one_cm":64896,"minecraft:fly_one_cm":508630,"minecraft:open_chest":34,"minecraft:crouch_one_cm":26164,"minecraft:fall_one_cm":54304},"minecraft:killed_by":{"undead_revamp2:the_moonflower":6,"born_in_chaos_v1:restless_spirit":1,"born_in_chaos_v1:nightmare_stalker":3,"endermanoverhaul:cave_enderman":2,"minecraft:pillager":1,"siren_head:siren_head":2,"born_in_chaos_v1:door_knight":1,"luminousworld:savannah_skeleton":1},"minecraft:mined":{"luminousworld:groundpebbles_1":59,"luminousworld:baobab_slab":24,"gravestone:gravestone":9,"minecraft:granite":38,"minecraft:acacia_log":16,"luminousworld:bao_bob_wood":1,"minecraft:grass_block":25,"minecraft:spruce_fence":2,"luminousworld:baobab_plank":25,"minecraft:moss_block":6,"luminousworld:groundpebbles_3":32,"luminousworld:savanna_grass_2":68,"minecraft:hay_block":58,"minecraft:furnace":2,"minecraft:packed_mud":1,"minecraft:iron_ore":14,"minecraft:andesite":2,"treechop:chopped_log":9,"minecraft:anvil":1,"minecraft:deepslate_iron_ore":30,"luminousworld:groundpebbles_2":42,"minecraft:stone":261,"minecraft:spruce_slab":1,"minecraft:green_bed":1,"luminousworld:creepbush":11,"luminousworld:savannah_soil":8,"minecraft:acacia_leaves":24,"luminousworld:tall_deadbush":13,"minecraft:smooth_sandstone":2,"minecraft:crafting_table":5,"minecraft:torch":6,"luminousworld:savannah_grass_1":73,"minecraft:chest":5,"minecraft:dead_bush":1,"minecraft:tall_grass":5,"minecraft:copper_ore":11,"minecraft:cobblestone":1,"minecraft:wall_torch":4,"minecraft:coarse_dirt":4,"minecraft:creeper_head":1,"unusualprehistory:stone_fossil":2,"luminousworld:bao_bob_log":28,"minecraft:grass":70,"minecraft:coal_ore":93,"luminousworld:ishstone":1,"minecraft:flower_pot":1,"minecraft:gravel":9,"minecraft:dirt":24,"luminousworld:savannah_grass_4":68,"luminousworld:elephant_grass":20,"minecraft:deepslate":8,"luminousworld:savannah_ground":5},"minecraft:killed":{"born_in_chaos_v1:restless_spirit":1,"minecraft:pig":16,"undead_revamp2:the_moonflower":1,"minecraft:zombie":2,"born_in_chaos_v1:corpse_fly":1},"minecraft:picked_up":{"luminousworld:groundpebbles_1":129,"minecraft:crafting_table":4,"minecraft:coarse_dirt":4,"minecraft:wheat":6,"minecraft:anvil":1,"minecraft:creeper_head":1,"minecraft:flower_pot":2,"luminousworld:bao_bob_wood":29,"gravestone:obituary":3,"minecraft:raw_copper":41,"minecraft:pufferfish":2,"minecraft:cobbled_deepslate":3,"minecraft:poppy":2,"minecraft:iron_nugget":2,"minecraft:spruce_slab":1,"minecraft:melon_slice":1,"minecraft:chest":5,"minecraft:egg":1,"minecraft:furnace":2,"luminousworld:bao_bab_sapling":4,"minecraft:stick":16,"minecraft:raw_iron":43,"minecraft:green_bed":1,"minecraft:torch":11,"minecraft:acacia_log":44,"minecraft:spruce_fence":2,"luminousworld:savannah_soil":8,"minecraft:porkchop":30,"luminousworld:baobab_plank":25,"minecraft:rotten_flesh":5,"minecraft:tropical_fish":1,"luminousworld:baobab_slab":25,"minecraft:hay_block":57,"alexsmobs:emu_egg":3,"minecraft:gold_ingot":6,"luminousworld:tall_deadbush":13,"minecraft:cod":1,"minecraft:cobblestone":261,"born_in_chaos_v1:corpse_maggot":1,"luminousworld:savannah_ground":5,"minecraft:andesite":2,"minecraft:salmon":1,"minecraft:acacia_leaves":2,"minecraft:packed_mud":1,"minecraft:paper":4,"minecraft:dirt":48,"minecraft:smooth_sandstone":2,"minecraft:kelp":3,"minecraft:wheat_seeds":4,"luminousworld:elephant_grass":17,"minecraft:iron_ingot":5,"minecraft:cobweb":5,"minecraft:moss_block":6,"minecraft:acacia_sapling":20,"minecraft:book":2,"minecraft:emerald_block":1,"luminousworld:creepberries":11,"born_in_chaos_v1:ethereal_spirit":1,"minecraft:gravel":9,"minecraft:dead_bush":2,"minecraft:diamond":1,"minecraft:granite":13,"minecraft:emerald":6,"minecraft:spruce_sign":42,"minecraft:bread":5,"luminousworld:bao_bob_log":144,"minecraft:coal":111,"unusualprehistory:mezo_fossil":2},"minecraft:used":{"minecraft:moss_block":6,"luminousworld:baotable":2,"minecraft:chest":1,"minecraft:iron_sword":10,"luminousworld:bao_bob_log":7,"minecraft:torch":61,"minecraft:dirt":4,"minecraft:iron_hoe":65,"minecraft:wooden_axe":98,"luminousworld:baobab_slab":478,"minecraft:iron_axe":9,"minecraft:packed_mud":1,"luminousworld:savannah_soil":1,"minecraft:furnace":4,"minecraft:acacia_planks":7,"minecraft:stone_pickaxe":370,"minecraft:wooden_pickaxe":51,"luminousworld:groundpebbles_1":1,"minecraft:green_bed":1,"luminousworld:baobab_plank":53,"minecraft:crafting_table":9,"minecraft:acacia_leaves":2,"luminousworld:creepberries":4,"minecraft:diamond_pickaxe":3,"minecraft:bread":3,"minecraft:iron_pickaxe":45,"minecraft:gravel":4,"minecraft:stone_axe":20,"minecraft:cobblestone":28,"minecraft:cooked_porkchop":9,"alexsmobs:animal_dictionary":9},"minecraft:crafted":{"luminousworld:baotable":2,"immersive_melodies:trumpet":1,"minecraft:furnace":4,"minecraft:iron_axe":1,"minecraft:stone_pickaxe":4,"luminousworld:baobab_slab":462,"minecraft:chest":1,"minecraft:cooked_porkchop":25,"minecraft:crafting_table":7,"minecraft:wooden_pickaxe":3,"minecraft:copper_ingot":41,"minecraft:stone_axe":2,"minecraft:air":0,"minecraft:diamond_pickaxe":1,"minecraft:cobblestone":11,"minecraft:stick":164,"minecraft:iron_ingot":9,"minecraft:iron_pickaxe":1,"minecraft:wooden_axe":3,"minecraft:acacia_planks":152,"minecraft:torch":128,"luminousworld:baobab_plank":624}},"DataVersion":3120}