{"stats":{"minecraft:killed_by":{"undead_revamp2:clogger":1,"undead_revamp2:thespitter":1,"minecraft:spider":1,"creeperoverhaul:beach_creeper":2,"siren_head:siren_head":2},"minecraft:used":{"minecraft:spruce_planks":1,"luminousworld:decorative_brown_mushroom_1":1},"minecraft:custom":{"minecraft:time_since_rest":4131,"minecraft:sprint_one_cm":24808,"minecraft:damage_taken":2510,"minecraft:walk_one_cm":23909,"minecraft:damage_dealt":36,"minecraft:swim_one_cm":9389,"minecraft:fly_one_cm":34264,"minecraft:open_chest":2,"minecraft:play_time":16050,"minecraft:deaths":7,"minecraft:sneak_time":139,"minecraft:walk_under_water_one_cm":6359,"minecraft:jump":177,"minecraft:leave_game":2,"minecraft:walk_on_water_one_cm":3967,"minecraft:time_since_death":4093,"minecraft:total_world_time":16050,"minecraft:fall_one_cm":5224},"minecraft:picked_up":{"minecraft:birch_log":5,"minecraft:stick":1,"minecraft:gravel":27,"minecraft:flint":4,"minecraft:lapis_lazuli":1,"luminousworld:decorative_brown_mushroom_1":1,"minecraft:arrow":1,"minecraft:bone":2,"minecraft:rotten_flesh":2,"minecraft:gold_nugget":4,"minecraft:spruce_planks":1,"minecraft:iron_ingot":3,"minecraft:emerald":16,"born_in_chaos_v1:gnawed_bones":1,"minecraft:gold_ingot":1,"minecraft:iron_nugget":1,"minecraft:chest":1,"minecraft:birch_sapling":4},"minecraft:mined":{"minecraft:spruce_planks":1,"treechop:chopped_log":1,"gravestone:gravestone":1,"minecraft:chest":1,"luminousworld:decorative_brown_mushroom_1":1},"minecraft:crafted":{"minecraft:birch_planks":20}},"DataVersion":3120}