{"stats":{"minecraft:killed":{"alexsmobs:raccoon":2,"undead_revamp2:thesmoker":1,"born_in_chaos_v1:maggot":3,"minecraft:horse":3,"born_in_chaos_v1:firelight_not_despawn":1,"minecraft:cow":7},"minecraft:used":{"minecraft:stone_pickaxe":117,"minecraft:wooden_pickaxe":9,"minecraft:chest":2,"minecraft:spruce_planks":47,"minecraft:iron_sword":62,"minecraft:blue_bed":6,"minecraft:crafting_table":5,"minecraft:blast_furnace":2,"minecraft:iron_axe":2,"minecraft:bread":16,"minecraft:iron_pickaxe":74,"minecraft:cobblestone":3,"minecraft:yellow_bed":1,"alexsmobs:animal_dictionary":2,"minecraft:potato":6,"minecraft:golden_axe":8},"minecraft:custom":{"minecraft:mob_kills":18,"minecraft:interact_with_crafting_table":15,"minecraft:open_barrel":7,"minecraft:time_since_death":56782,"minecraft:sleep_in_bed":4,"minecraft:climb_one_cm":3879,"minecraft:time_since_rest":12368,"minecraft:sprint_one_cm":146208,"minecraft:damage_taken":973,"minecraft:walk_one_cm":173007,"minecraft:drop":7,"minecraft:damage_dealt":2322,"minecraft:swim_one_cm":2406,"minecraft:talked_to_villager":12,"minecraft:fly_one_cm":128762,"minecraft:open_chest":19,"minecraft:crouch_one_cm":2122,"minecraft:play_time":75154,"minecraft:deaths":1,"minecraft:sneak_time":1425,"minecraft:walk_under_water_one_cm":2093,"minecraft:jump":813,"minecraft:interact_with_blast_furnace":8,"minecraft:walk_on_water_one_cm":1624,"minecraft:total_world_time":75154,"minecraft:fall_one_cm":16350,"minecraft:horse_one_cm":487367},"minecraft:killed_by":{"born_in_chaos_v1:firelight_not_despawn":1},"minecraft:crafted":{"minecraft:sugar":8,"minecraft:golden_axe":1,"minecraft:crafting_table":2,"minecraft:spruce_planks":108,"minecraft:wooden_pickaxe":3,"minecraft:iron_sword":1,"minecraft:air":0,"minecraft:iron_axe":1,"minecraft:stick":44,"minecraft:iron_ingot":15,"minecraft:iron_pickaxe":1,"minecraft:stone_pickaxe":2,"minecraft:chest":3},"minecraft:dropped":{"minecraft:iron_sword":1,"minecraft:wheat_seeds":11,"minecraft:experience_bottle":1,"born_in_chaos_v1:corpse_maggot":1,"minecraft:stone_pickaxe":1,"minecraft:wooden_pickaxe":1,"minecraft:armor_stand":2},"minecraft:picked_up":{"born_in_chaos_v1:corpse_maggot":1,"minecraft:iron_chestplate":1,"minecraft:crafting_table":4,"minecraft:wheat":6,"minecraft:lilac":1,"minecraft:leather":8,"minecraft:stone_slab":5,"born_in_chaos_v1:black_argillite_button":1,"minecraft:yellow_bed":1,"minecraft:blue_bed":7,"minecraft:lantern":1,"minecraft:purple_carpet":6,"minecraft:armor_stand":2,"minecraft:experience_bottle":1,"minecraft:stone_bricks":6,"minecraft:wheat_seeds":12,"minecraft:spruce_planks":17,"minecraft:beef":12,"born_in_chaos_v1:chipped_black_argillite_brick":1,"alexsmobs:raccoon_tail":2,"minecraft:coal_block":8,"minecraft:sugar_cane":18,"minecraft:iron_sword":1,"minecraft:book":18,"minecraft:raw_iron":15,"minecraft:pumpkin":1,"minecraft:sweet_berries":27,"minecraft:oak_fence":1,"minecraft:oak_pressure_plate":1,"minecraft:spruce_sapling":1,"minecraft:blast_furnace":4,"minecraft:spruce_log":9,"minecraft:rotten_flesh":3,"born_in_chaos_v1:fire_dust":1,"minecraft:peony":1,"minecraft:hay_block":13,"minecraft:iron_helmet":1,"minecraft:coal":96,"minecraft:iron_bars":12,"minecraft:cobblestone":25},"minecraft:mined":{"minecraft:spruce_planks":17,"minecraft:oak_fence":1,"minecraft:crafting_table":4,"gravestone:gravestone":1,"minecraft:blast_furnace":4,"minecraft:stone_slab":5,"minecraft:oak_pressure_plate":1,"minecraft:coal_block":8,"minecraft:tall_grass":2,"minecraft:cobblestone":4,"born_in_chaos_v1:chipped_black_argillite_brick":1,"minecraft:sugar_cane":8,"minecraft:blue_bed":7,"minecraft:large_fern":2,"minecraft:hay_block":13,"minecraft:iron_ore":15,"minecraft:wheat":3,"minecraft:sweet_berry_bush":11,"minecraft:lilac":1,"minecraft:pumpkin":1,"treechop:chopped_log":1,"minecraft:yellow_bed":1,"minecraft:peony":1,"minecraft:grass":24,"minecraft:bookshelf":6,"minecraft:coal_ore":74,"minecraft:iron_bars":12,"minecraft:purple_carpet":6,"minecraft:stone_bricks":6,"minecraft:stone":22}},"DataVersion":3120}