{"stats":{"minecraft:broken":{"minecraft:wooden_axe":1},"minecraft:custom":{"minecraft:mob_kills":18,"minecraft:interact_with_crafting_table":26,"minecraft:open_barrel":2,"minecraft:bell_ring":1,"minecraft:leave_game":5,"minecraft:time_since_death":3750,"minecraft:climb_one_cm":3186,"minecraft:sprint_one_cm":425988,"minecraft:walk_one_cm":422915,"minecraft:drop":16,"minecraft:play_time":168435,"minecraft:deaths":15,"minecraft:sneak_time":16302,"minecraft:walk_under_water_one_cm":13423,"minecraft:jump":2066,"minecraft:walk_on_water_one_cm":20791,"minecraft:total_world_time":168435,"minecraft:interact_with_furnace":7,"minecraft:sleep_in_bed":2,"minecraft:time_since_rest":4319,"minecraft:damage_taken":7080,"minecraft:damage_dealt":1884,"minecraft:swim_one_cm":37386,"minecraft:fly_one_cm":375788,"minecraft:open_chest":29,"minecraft:crouch_one_cm":25840,"minecraft:fall_one_cm":38189},"minecraft:crafted":{"luminousworld:baotable":2,"minecraft:furnace":2,"minecraft:stone_pickaxe":2,"luminousworld:baobab_slab":462,"minecraft:cooked_porkchop":11,"minecraft:crafting_table":6,"minecraft:wooden_pickaxe":2,"minecraft:stone_axe":1,"minecraft:air":0,"minecraft:diamond_pickaxe":1,"minecraft:cobblestone":7,"minecraft:stick":152,"minecraft:wooden_axe":3,"minecraft:acacia_planks":112,"minecraft:torch":36,"luminousworld:baobab_plank":576},"minecraft:used":{"minecraft:moss_block":6,"luminousworld:baotable":2,"minecraft:iron_sword":10,"luminousworld:bao_bob_log":7,"minecraft:torch":31,"minecraft:dirt":4,"minecraft:iron_hoe":65,"minecraft:wooden_axe":84,"minecraft:iron_axe":2,"luminousworld:baobab_slab":474,"minecraft:packed_mud":1,"luminousworld:savannah_soil":1,"minecraft:furnace":2,"minecraft:acacia_planks":7,"minecraft:stone_pickaxe":107,"minecraft:wooden_pickaxe":23,"luminousworld:groundpebbles_1":1,"minecraft:green_bed":1,"luminousworld:baobab_plank":49,"minecraft:crafting_table":6,"minecraft:acacia_leaves":2,"luminousworld:creepberries":4,"minecraft:diamond_pickaxe":3,"minecraft:bread":3,"minecraft:stone_axe":1,"minecraft:cobblestone":25,"minecraft:cooked_porkchop":4,"alexsmobs:animal_dictionary":9},"minecraft:killed_by":{"undead_revamp2:the_moonflower":4,"born_in_chaos_v1:restless_spirit":1,"born_in_chaos_v1:nightmare_stalker":3,"endermanoverhaul:cave_enderman":1,"siren_head:siren_head":1,"born_in_chaos_v1:door_knight":1,"luminousworld:savannah_skeleton":1},"minecraft:dropped":{"minecraft:wheat_seeds":2,"minecraft:tropical_fish":1,"minecraft:torch":1,"minecraft:wooden_axe":1,"gravestone:obituary":9,"minecraft:acacia_sapling":1,"minecraft:wooden_pickaxe":1},"minecraft:picked_up":{"luminousworld:groundpebbles_1":103,"minecraft:coarse_dirt":4,"minecraft:crafting_table":2,"minecraft:wheat":6,"minecraft:anvil":1,"minecraft:creeper_head":1,"minecraft:flower_pot":2,"luminousworld:bao_bob_wood":29,"gravestone:obituary":3,"minecraft:pufferfish":2,"minecraft:iron_nugget":2,"minecraft:poppy":2,"minecraft:spruce_slab":1,"minecraft:melon_slice":1,"minecraft:chest":5,"minecraft:egg":1,"minecraft:furnace":1,"luminousworld:bao_bab_sapling":4,"minecraft:stick":11,"minecraft:raw_iron":6,"minecraft:green_bed":1,"minecraft:torch":9,"minecraft:acacia_log":32,"minecraft:porkchop":30,"minecraft:spruce_fence":2,"luminousworld:savannah_soil":1,"luminousworld:baobab_plank":20,"minecraft:rotten_flesh":4,"minecraft:tropical_fish":1,"luminousworld:baobab_slab":23,"minecraft:hay_block":57,"alexsmobs:emu_egg":3,"minecraft:gold_ingot":6,"luminousworld:tall_deadbush":10,"minecraft:cod":1,"minecraft:cobblestone":55,"luminousworld:savannah_ground":1,"minecraft:salmon":1,"minecraft:andesite":2,"minecraft:acacia_leaves":2,"minecraft:packed_mud":1,"minecraft:paper":4,"minecraft:dirt":37,"minecraft:smooth_sandstone":2,"minecraft:kelp":3,"minecraft:wheat_seeds":2,"luminousworld:elephant_grass":15,"minecraft:iron_ingot":5,"minecraft:cobweb":5,"minecraft:moss_block":6,"minecraft:acacia_sapling":18,"minecraft:book":2,"minecraft:emerald_block":1,"luminousworld:creepberries":11,"minecraft:dead_bush":2,"minecraft:diamond":1,"minecraft:bread":5,"minecraft:spruce_sign":42,"minecraft:emerald":6,"luminousworld:bao_bob_log":139,"minecraft:coal":73},"minecraft:killed":{"minecraft:pig":16,"undead_revamp2:the_moonflower":1},"minecraft:mined":{"luminousworld:groundpebbles_1":36,"luminousworld:baobab_slab":22,"gravestone:gravestone":4,"minecraft:acacia_log":12,"luminousworld:bao_bob_wood":1,"minecraft:grass_block":25,"minecraft:spruce_fence":2,"luminousworld:baobab_plank":20,"minecraft:moss_block":6,"luminousworld:groundpebbles_3":32,"luminousworld:savanna_grass_2":57,"minecraft:hay_block":58,"minecraft:furnace":1,"minecraft:packed_mud":1,"minecraft:iron_ore":7,"minecraft:andesite":2,"treechop:chopped_log":7,"minecraft:anvil":1,"luminousworld:groundpebbles_2":39,"minecraft:stone":55,"minecraft:spruce_slab":1,"minecraft:green_bed":1,"luminousworld:creepbush":11,"luminousworld:savannah_soil":1,"minecraft:acacia_leaves":22,"luminousworld:tall_deadbush":10,"minecraft:smooth_sandstone":2,"minecraft:crafting_table":2,"minecraft:torch":6,"luminousworld:savannah_grass_1":60,"minecraft:chest":5,"minecraft:tall_grass":3,"minecraft:cobblestone":1,"minecraft:wall_torch":3,"minecraft:coarse_dirt":4,"minecraft:creeper_head":1,"luminousworld:bao_bob_log":23,"minecraft:grass":57,"minecraft:coal_ore":63,"minecraft:flower_pot":1,"minecraft:dirt":13,"luminousworld:savannah_grass_4":58,"luminousworld:elephant_grass":18,"luminousworld:savannah_ground":1}},"DataVersion":3120}