{"stats":{"minecraft:broken":{"minecraft:wooden_axe":1},"minecraft:crafted":{"minecraft:cooked_porkchop":11,"minecraft:crafting_table":6,"minecraft:wooden_pickaxe":2,"minecraft:furnace":2,"minecraft:stone_axe":1,"minecraft:air":0,"minecraft:diamond_pickaxe":1,"minecraft:stick":24,"minecraft:stone_pickaxe":2,"minecraft:wooden_axe":1,"luminousworld:baobab_slab":252,"minecraft:acacia_planks":112,"minecraft:torch":36,"luminousworld:baobab_plank":576},"minecraft:custom":{"minecraft:interact_with_furnace":7,"minecraft:mob_kills":10,"minecraft:interact_with_crafting_table":16,"minecraft:open_barrel":2,"minecraft:bell_ring":1,"minecraft:leave_game":3,"minecraft:time_since_death":24958,"minecraft:sleep_in_bed":2,"minecraft:climb_one_cm":3186,"minecraft:time_since_rest":24993,"minecraft:sprint_one_cm":347217,"minecraft:damage_taken":5900,"minecraft:walk_one_cm":244907,"minecraft:drop":15,"minecraft:damage_dealt":1093,"minecraft:swim_one_cm":27369,"minecraft:fly_one_cm":325150,"minecraft:crouch_one_cm":21733,"minecraft:open_chest":29,"minecraft:play_time":125119,"minecraft:deaths":13,"minecraft:sneak_time":13986,"minecraft:walk_under_water_one_cm":12692,"minecraft:jump":1726,"minecraft:walk_on_water_one_cm":19305,"minecraft:total_world_time":125119,"minecraft:fall_one_cm":35563},"minecraft:used":{"minecraft:moss_block":6,"minecraft:stone_pickaxe":107,"minecraft:wooden_pickaxe":23,"minecraft:iron_sword":10,"minecraft:green_bed":1,"minecraft:torch":31,"luminousworld:baobab_plank":18,"minecraft:dirt":4,"minecraft:crafting_table":6,"minecraft:acacia_leaves":2,"luminousworld:creepberries":4,"minecraft:iron_hoe":65,"minecraft:wooden_axe":53,"minecraft:diamond_pickaxe":3,"luminousworld:baobab_slab":208,"minecraft:iron_axe":2,"minecraft:bread":3,"minecraft:packed_mud":1,"minecraft:stone_axe":1,"minecraft:cobblestone":25,"luminousworld:savannah_soil":1,"minecraft:furnace":2,"minecraft:cooked_porkchop":4,"alexsmobs:animal_dictionary":9,"minecraft:acacia_planks":7},"minecraft:killed_by":{"undead_revamp2:the_moonflower":4,"born_in_chaos_v1:nightmare_stalker":3,"endermanoverhaul:cave_enderman":1,"born_in_chaos_v1:door_knight":1,"luminousworld:savannah_skeleton":1},"minecraft:dropped":{"minecraft:wheat_seeds":2,"minecraft:tropical_fish":1,"minecraft:torch":1,"minecraft:acacia_sapling":1,"gravestone:obituary":9,"minecraft:wooden_pickaxe":1},"minecraft:picked_up":{"luminousworld:groundpebbles_1":24,"minecraft:crafting_table":2,"minecraft:coarse_dirt":4,"minecraft:wheat":6,"minecraft:flower_pot":2,"minecraft:creeper_head":1,"minecraft:anvil":1,"minecraft:andesite":2,"minecraft:salmon":1,"minecraft:acacia_leaves":2,"luminousworld:bao_bob_wood":28,"minecraft:packed_mud":1,"gravestone:obituary":3,"minecraft:dirt":36,"minecraft:paper":4,"minecraft:smooth_sandstone":2,"minecraft:pufferfish":2,"minecraft:kelp":3,"minecraft:wheat_seeds":2,"minecraft:iron_ingot":5,"minecraft:cobweb":5,"minecraft:iron_nugget":2,"minecraft:poppy":2,"minecraft:spruce_slab":1,"minecraft:moss_block":6,"minecraft:melon_slice":1,"minecraft:chest":5,"minecraft:acacia_sapling":18,"minecraft:furnace":1,"minecraft:egg":1,"minecraft:book":2,"luminousworld:bao_bab_sapling":4,"minecraft:stick":11,"minecraft:raw_iron":6,"minecraft:emerald_block":1,"luminousworld:creepberries":11,"minecraft:torch":9,"minecraft:acacia_log":32,"minecraft:green_bed":1,"minecraft:spruce_fence":2,"luminousworld:savannah_soil":1,"minecraft:porkchop":16,"minecraft:dead_bush":2,"luminousworld:baobab_plank":7,"minecraft:rotten_flesh":4,"minecraft:diamond":1,"minecraft:tropical_fish":1,"luminousworld:baobab_slab":5,"minecraft:hay_block":57,"alexsmobs:emu_egg":3,"minecraft:emerald":6,"minecraft:spruce_sign":42,"minecraft:gold_ingot":6,"minecraft:bread":5,"luminousworld:bao_bob_log":131,"minecraft:coal":73,"minecraft:cod":1,"minecraft:cobblestone":55},"minecraft:killed":{"minecraft:pig":8,"undead_revamp2:the_moonflower":1},"minecraft:mined":{"luminousworld:savannah_soil":1,"luminousworld:groundpebbles_1":7,"minecraft:acacia_leaves":22,"luminousworld:baobab_slab":6,"minecraft:torch":6,"minecraft:smooth_sandstone":2,"minecraft:crafting_table":2,"gravestone:gravestone":3,"minecraft:acacia_log":12,"minecraft:grass_block":24,"minecraft:spruce_fence":2,"minecraft:chest":5,"luminousworld:baobab_plank":7,"minecraft:tall_grass":3,"minecraft:cobblestone":1,"minecraft:moss_block":6,"luminousworld:groundpebbles_3":11,"minecraft:wall_torch":3,"minecraft:hay_block":58,"minecraft:coarse_dirt":4,"minecraft:packed_mud":1,"minecraft:furnace":1,"minecraft:iron_ore":7,"minecraft:creeper_head":1,"minecraft:andesite":2,"luminousworld:bao_bob_log":16,"treechop:chopped_log":6,"minecraft:anvil":1,"minecraft:grass":46,"minecraft:coal_ore":63,"minecraft:flower_pot":1,"minecraft:dirt":13,"minecraft:stone":55,"luminousworld:groundpebbles_2":8,"minecraft:spruce_slab":1,"minecraft:green_bed":1,"luminousworld:creepbush":11}},"DataVersion":3120}