{"stats":{"minecraft:mined":{"luminousworld:savannah_soil":1,"minecraft:acacia_leaves":17,"minecraft:torch":3,"minecraft:smooth_sandstone":2,"minecraft:crafting_table":1,"gravestone:gravestone":2,"minecraft:acacia_log":6,"minecraft:grass_block":10,"minecraft:spruce_fence":2,"minecraft:chest":5,"minecraft:tall_grass":1,"minecraft:wall_torch":1,"minecraft:hay_block":58,"minecraft:coarse_dirt":2,"minecraft:iron_ore":4,"minecraft:creeper_head":1,"minecraft:andesite":2,"treechop:chopped_log":4,"minecraft:anvil":1,"minecraft:grass":37,"minecraft:coal_ore":23,"minecraft:flower_pot":1,"minecraft:dirt":1,"minecraft:stone":40,"minecraft:spruce_slab":1,"minecraft:green_bed":1,"luminousworld:creepbush":11},"minecraft:killed_by":{"undead_revamp2:the_moonflower":2,"endermanoverhaul:cave_enderman":1,"luminousworld:savannah_skeleton":1},"minecraft:crafted":{"minecraft:crafting_table":2,"minecraft:wooden_pickaxe":2,"minecraft:furnace":1,"minecraft:diamond_pickaxe":1,"minecraft:stick":24,"minecraft:stone_pickaxe":2,"minecraft:wooden_axe":1,"minecraft:acacia_planks":84,"minecraft:torch":24},"minecraft:killed":{"minecraft:pig":8,"undead_revamp2:the_moonflower":1},"minecraft:dropped":{"minecraft:wheat_seeds":1,"minecraft:tropical_fish":1,"minecraft:acacia_sapling":1,"gravestone:obituary":2,"minecraft:wooden_pickaxe":1},"minecraft:custom":{"minecraft:interact_with_furnace":4,"minecraft:mob_kills":9,"minecraft:interact_with_crafting_table":9,"minecraft:open_barrel":2,"minecraft:bell_ring":1,"minecraft:leave_game":1,"minecraft:time_since_death":383,"minecraft:sleep_in_bed":2,"minecraft:climb_one_cm":3186,"minecraft:time_since_rest":431,"minecraft:sprint_one_cm":186043,"minecraft:damage_taken":3930,"minecraft:walk_one_cm":127079,"minecraft:drop":6,"minecraft:damage_dealt":984,"minecraft:swim_one_cm":6168,"minecraft:fly_one_cm":182324,"minecraft:open_chest":29,"minecraft:crouch_one_cm":1096,"minecraft:play_time":62709,"minecraft:deaths":6,"minecraft:sneak_time":290,"minecraft:walk_under_water_one_cm":5435,"minecraft:jump":987,"minecraft:walk_on_water_one_cm":10892,"minecraft:total_world_time":62709,"minecraft:fall_one_cm":21805},"minecraft:used":{"minecraft:stone_pickaxe":46,"minecraft:wooden_pickaxe":23,"minecraft:iron_sword":10,"minecraft:green_bed":1,"minecraft:torch":16,"minecraft:crafting_table":3,"luminousworld:creepberries":4,"minecraft:iron_hoe":65,"minecraft:wooden_axe":52,"minecraft:diamond_pickaxe":3,"minecraft:iron_axe":2,"minecraft:bread":3,"minecraft:cobblestone":2,"luminousworld:savannah_soil":1,"minecraft:furnace":1,"alexsmobs:animal_dictionary":9,"minecraft:acacia_planks":7},"minecraft:picked_up":{"minecraft:coarse_dirt":2,"minecraft:crafting_table":1,"minecraft:wheat":6,"minecraft:flower_pot":2,"minecraft:creeper_head":1,"minecraft:anvil":1,"minecraft:andesite":2,"minecraft:salmon":1,"gravestone:obituary":1,"minecraft:dirt":10,"minecraft:paper":4,"minecraft:smooth_sandstone":2,"minecraft:pufferfish":2,"minecraft:kelp":3,"minecraft:wheat_seeds":1,"minecraft:iron_ingot":5,"minecraft:cobweb":5,"minecraft:iron_nugget":2,"minecraft:poppy":2,"minecraft:spruce_slab":1,"minecraft:melon_slice":1,"minecraft:chest":5,"minecraft:acacia_sapling":14,"minecraft:egg":1,"minecraft:book":2,"minecraft:stick":3,"minecraft:raw_iron":4,"minecraft:emerald_block":1,"luminousworld:creepberries":11,"minecraft:torch":4,"minecraft:acacia_log":21,"minecraft:green_bed":1,"minecraft:spruce_fence":2,"luminousworld:savannah_soil":1,"minecraft:porkchop":16,"minecraft:dead_bush":2,"minecraft:rotten_flesh":3,"minecraft:diamond":1,"minecraft:tropical_fish":1,"minecraft:hay_block":57,"minecraft:bread":5,"minecraft:spruce_sign":42,"minecraft:gold_ingot":6,"minecraft:emerald":6,"minecraft:coal":22,"minecraft:cod":1,"minecraft:cobblestone":40}},"DataVersion":3120}