{"stats":{"minecraft:broken":{"minecraft:wooden_axe":1},"minecraft:custom":{"minecraft:mob_kills":18,"minecraft:interact_with_crafting_table":29,"minecraft:open_barrel":2,"minecraft:bell_ring":1,"minecraft:leave_game":5,"minecraft:time_since_death":1399,"minecraft:climb_one_cm":3186,"minecraft:sprint_one_cm":458713,"minecraft:walk_one_cm":454266,"minecraft:drop":16,"minecraft:play_time":180435,"minecraft:deaths":17,"minecraft:sneak_time":16708,"minecraft:walk_under_water_one_cm":13720,"minecraft:jump":2268,"minecraft:walk_on_water_one_cm":22684,"minecraft:total_world_time":180435,"minecraft:interact_with_furnace":20,"minecraft:sleep_in_bed":2,"minecraft:time_since_rest":1433,"minecraft:damage_taken":7810,"minecraft:damage_dealt":1920,"minecraft:swim_one_cm":47028,"minecraft:fly_one_cm":420067,"minecraft:open_chest":29,"minecraft:crouch_one_cm":26092,"minecraft:fall_one_cm":43185},"minecraft:crafted":{"luminousworld:baotable":2,"minecraft:furnace":3,"minecraft:stone_pickaxe":3,"luminousworld:baobab_slab":462,"minecraft:cooked_porkchop":25,"minecraft:crafting_table":6,"minecraft:wooden_pickaxe":2,"minecraft:stone_axe":1,"minecraft:air":0,"minecraft:diamond_pickaxe":1,"minecraft:cobblestone":11,"minecraft:stick":152,"minecraft:wooden_axe":3,"minecraft:acacia_planks":112,"minecraft:torch":36,"luminousworld:baobab_plank":624},"minecraft:used":{"minecraft:moss_block":6,"luminousworld:baotable":2,"minecraft:iron_sword":10,"luminousworld:bao_bob_log":7,"minecraft:torch":31,"minecraft:dirt":4,"minecraft:iron_hoe":65,"minecraft:wooden_axe":97,"minecraft:iron_axe":2,"luminousworld:baobab_slab":476,"minecraft:packed_mud":1,"luminousworld:savannah_soil":1,"minecraft:furnace":3,"minecraft:acacia_planks":7,"minecraft:stone_pickaxe":110,"minecraft:wooden_pickaxe":23,"luminousworld:groundpebbles_1":1,"minecraft:green_bed":1,"luminousworld:baobab_plank":53,"minecraft:crafting_table":7,"minecraft:acacia_leaves":2,"luminousworld:creepberries":4,"minecraft:diamond_pickaxe":3,"minecraft:bread":3,"minecraft:stone_axe":1,"minecraft:cobblestone":25,"minecraft:cooked_porkchop":7,"alexsmobs:animal_dictionary":9},"minecraft:killed_by":{"undead_revamp2:the_moonflower":4,"born_in_chaos_v1:restless_spirit":1,"born_in_chaos_v1:nightmare_stalker":3,"endermanoverhaul:cave_enderman":1,"minecraft:pillager":1,"siren_head:siren_head":2,"born_in_chaos_v1:door_knight":1,"luminousworld:savannah_skeleton":1},"minecraft:dropped":{"minecraft:wheat_seeds":2,"minecraft:tropical_fish":1,"minecraft:torch":1,"minecraft:wooden_axe":1,"gravestone:obituary":9,"minecraft:acacia_sapling":1,"minecraft:wooden_pickaxe":1},"minecraft:picked_up":{"luminousworld:groundpebbles_1":128,"minecraft:coarse_dirt":4,"minecraft:crafting_table":3,"minecraft:wheat":6,"minecraft:anvil":1,"minecraft:creeper_head":1,"minecraft:flower_pot":2,"luminousworld:bao_bob_wood":29,"gravestone:obituary":3,"minecraft:pufferfish":2,"minecraft:iron_nugget":2,"minecraft:poppy":2,"minecraft:spruce_slab":1,"minecraft:melon_slice":1,"minecraft:chest":5,"minecraft:egg":1,"minecraft:furnace":1,"luminousworld:bao_bab_sapling":4,"minecraft:stick":11,"minecraft:raw_iron":6,"minecraft:green_bed":1,"minecraft:torch":9,"minecraft:acacia_log":32,"minecraft:porkchop":30,"minecraft:spruce_fence":2,"luminousworld:savannah_soil":7,"luminousworld:baobab_plank":25,"minecraft:rotten_flesh":4,"minecraft:tropical_fish":1,"luminousworld:baobab_slab":25,"minecraft:hay_block":57,"alexsmobs:emu_egg":3,"minecraft:gold_ingot":6,"luminousworld:tall_deadbush":12,"minecraft:cod":1,"minecraft:cobblestone":58,"luminousworld:savannah_ground":4,"minecraft:salmon":1,"minecraft:andesite":2,"minecraft:acacia_leaves":2,"minecraft:packed_mud":1,"minecraft:paper":4,"minecraft:dirt":37,"minecraft:smooth_sandstone":2,"minecraft:kelp":3,"minecraft:wheat_seeds":2,"luminousworld:elephant_grass":17,"minecraft:iron_ingot":5,"minecraft:cobweb":5,"minecraft:moss_block":6,"minecraft:acacia_sapling":18,"minecraft:book":2,"minecraft:emerald_block":1,"luminousworld:creepberries":11,"minecraft:dead_bush":2,"minecraft:diamond":1,"minecraft:bread":5,"minecraft:spruce_sign":42,"minecraft:emerald":6,"luminousworld:bao_bob_log":144,"minecraft:coal":73},"minecraft:killed":{"minecraft:pig":16,"undead_revamp2:the_moonflower":1},"minecraft:mined":{"luminousworld:groundpebbles_1":59,"luminousworld:baobab_slab":24,"gravestone:gravestone":6,"minecraft:acacia_log":12,"luminousworld:bao_bob_wood":1,"minecraft:grass_block":25,"minecraft:spruce_fence":2,"luminousworld:baobab_plank":25,"minecraft:moss_block":6,"luminousworld:groundpebbles_3":32,"luminousworld:savanna_grass_2":65,"minecraft:hay_block":58,"minecraft:furnace":1,"minecraft:packed_mud":1,"minecraft:iron_ore":7,"minecraft:andesite":2,"treechop:chopped_log":7,"minecraft:anvil":1,"luminousworld:groundpebbles_2":41,"minecraft:stone":58,"minecraft:spruce_slab":1,"minecraft:green_bed":1,"luminousworld:creepbush":11,"luminousworld:savannah_soil":7,"minecraft:acacia_leaves":22,"luminousworld:tall_deadbush":12,"minecraft:smooth_sandstone":2,"minecraft:crafting_table":3,"minecraft:torch":6,"luminousworld:savannah_grass_1":70,"minecraft:chest":5,"minecraft:tall_grass":3,"minecraft:cobblestone":1,"minecraft:wall_torch":3,"minecraft:coarse_dirt":4,"minecraft:creeper_head":1,"luminousworld:bao_bob_log":28,"minecraft:grass":57,"minecraft:coal_ore":63,"minecraft:flower_pot":1,"minecraft:dirt":13,"luminousworld:savannah_grass_4":67,"luminousworld:elephant_grass":20,"luminousworld:savannah_ground":4}},"DataVersion":3120}