{"stats":{"minecraft:mined":{"minecraft:hay_block":58,"luminousworld:savannah_soil":1,"minecraft:acacia_leaves":9,"minecraft:creeper_head":1,"minecraft:anvil":1,"minecraft:smooth_sandstone":2,"gravestone:gravestone":2,"minecraft:grass":27,"minecraft:grass_block":2,"minecraft:spruce_fence":2,"minecraft:chest":5,"minecraft:flower_pot":1,"minecraft:tall_grass":1,"minecraft:spruce_slab":1,"minecraft:green_bed":1,"luminousworld:creepbush":11},"minecraft:killed_by":{"undead_revamp2:the_moonflower":1},"minecraft:crafted":{"minecraft:diamond_pickaxe":1},"minecraft:killed":{"minecraft:pig":2,"undead_revamp2:the_moonflower":1},"minecraft:dropped":{"minecraft:wheat_seeds":1,"gravestone:obituary":1,"minecraft:tropical_fish":1},"minecraft:custom":{"minecraft:time_since_rest":3000,"minecraft:sprint_one_cm":95107,"minecraft:damage_taken":3220,"minecraft:walk_one_cm":75866,"minecraft:mob_kills":3,"minecraft:drop":3,"minecraft:damage_dealt":320,"minecraft:swim_one_cm":5256,"minecraft:interact_with_crafting_table":1,"minecraft:fly_one_cm":68471,"minecraft:open_barrel":2,"minecraft:open_chest":29,"minecraft:crouch_one_cm":906,"minecraft:play_time":38709,"minecraft:deaths":3,"minecraft:bell_ring":1,"minecraft:sneak_time":224,"minecraft:walk_under_water_one_cm":858,"minecraft:jump":366,"minecraft:leave_game":1,"minecraft:time_since_death":2953,"minecraft:walk_on_water_one_cm":4090,"minecraft:sleep_in_bed":2,"minecraft:total_world_time":38709,"minecraft:climb_one_cm":3186,"minecraft:fall_one_cm":7354},"minecraft:used":{"luminousworld:creepberries":4,"minecraft:iron_hoe":65,"minecraft:diamond_pickaxe":3,"minecraft:iron_axe":2,"minecraft:bread":3,"minecraft:iron_sword":10,"minecraft:green_bed":1,"luminousworld:savannah_soil":1,"alexsmobs:animal_dictionary":9},"minecraft:picked_up":{"minecraft:book":2,"minecraft:anvil":1,"minecraft:wheat":6,"minecraft:emerald_block":1,"minecraft:creeper_head":1,"minecraft:flower_pot":2,"minecraft:salmon":1,"luminousworld:creepberries":11,"minecraft:green_bed":1,"luminousworld:savannah_soil":1,"minecraft:spruce_fence":2,"minecraft:porkchop":5,"gravestone:obituary":1,"minecraft:dead_bush":2,"minecraft:dirt":1,"minecraft:paper":4,"minecraft:smooth_sandstone":2,"minecraft:pufferfish":2,"minecraft:rotten_flesh":3,"minecraft:tropical_fish":1,"minecraft:diamond":1,"minecraft:kelp":3,"minecraft:wheat_seeds":1,"minecraft:hay_block":57,"minecraft:iron_ingot":5,"minecraft:cobweb":5,"minecraft:poppy":2,"minecraft:iron_nugget":2,"minecraft:emerald":6,"minecraft:spruce_sign":42,"minecraft:gold_ingot":6,"minecraft:bread":5,"minecraft:spruce_slab":1,"minecraft:melon_slice":1,"minecraft:chest":5,"minecraft:cod":1,"minecraft:egg":1}},"DataVersion":3120}