{"stats":{"minecraft:used":{"minecraft:bread":7,"minecraft:stone_pickaxe":94,"minecraft:chest":1,"minecraft:spruce_planks":14,"minecraft:wooden_pickaxe":3,"minecraft:blue_bed":4,"minecraft:crafting_table":2,"alexsmobs:animal_dictionary":2},"minecraft:mined":{"minecraft:large_fern":1,"minecraft:spruce_planks":8,"minecraft:wheat":3,"minecraft:sweet_berry_bush":11,"minecraft:lilac":1,"minecraft:oak_fence":1,"minecraft:pumpkin":1,"treechop:chopped_log":1,"minecraft:peony":1,"minecraft:crafting_table":2,"gravestone:gravestone":1,"minecraft:grass":17,"minecraft:blast_furnace":2,"minecraft:bookshelf":6,"minecraft:coal_ore":19,"minecraft:iron_bars":12,"minecraft:purple_carpet":6,"minecraft:coal_block":8,"minecraft:tall_grass":1,"minecraft:cobblestone":3,"born_in_chaos_v1:chipped_black_argillite_brick":1,"minecraft:stone_bricks":2,"minecraft:stone":1,"minecraft:blue_bed":4},"minecraft:killed":{"born_in_chaos_v1:firelight_not_despawn":1},"minecraft:picked_up":{"minecraft:book":18,"minecraft:crafting_table":2,"minecraft:iron_chestplate":1,"minecraft:wheat":3,"minecraft:lilac":1,"minecraft:pumpkin":1,"minecraft:sweet_berries":27,"minecraft:oak_fence":1,"born_in_chaos_v1:black_argillite_button":1,"minecraft:spruce_sapling":1,"minecraft:blast_furnace":2,"minecraft:spruce_log":9,"minecraft:blue_bed":4,"minecraft:purple_carpet":6,"minecraft:armor_stand":2,"minecraft:rotten_flesh":2,"born_in_chaos_v1:fire_dust":1,"minecraft:stone_bricks":2,"minecraft:wheat_seeds":11,"minecraft:peony":1,"minecraft:spruce_planks":8,"minecraft:iron_helmet":1,"born_in_chaos_v1:chipped_black_argillite_brick":1,"minecraft:coal_block":8,"minecraft:iron_bars":12,"minecraft:coal":19,"minecraft:cobblestone":4},"minecraft:killed_by":{"born_in_chaos_v1:firelight_not_despawn":1},"minecraft:custom":{"minecraft:time_since_rest":10274,"minecraft:sprint_one_cm":84935,"minecraft:damage_taken":498,"minecraft:walk_one_cm":66697,"minecraft:mob_kills":2,"minecraft:damage_dealt":371,"minecraft:talked_to_villager":10,"minecraft:interact_with_crafting_table":3,"minecraft:fly_one_cm":84076,"minecraft:open_chest":8,"minecraft:crouch_one_cm":510,"minecraft:play_time":28617,"minecraft:deaths":1,"minecraft:sneak_time":351,"minecraft:jump":360,"minecraft:time_since_death":10245,"minecraft:sleep_in_bed":1,"minecraft:total_world_time":28617,"minecraft:fall_one_cm":9471},"minecraft:crafted":{"minecraft:spruce_planks":108,"minecraft:stick":28,"minecraft:wooden_pickaxe":1,"minecraft:stone_pickaxe":1,"minecraft:chest":1}},"DataVersion":3120}