{"stats":{"minecraft:used":{"minecraft:stone_pickaxe":94,"minecraft:wooden_pickaxe":3,"minecraft:spruce_planks":16,"minecraft:chest":1,"minecraft:iron_sword":19,"minecraft:blue_bed":4,"minecraft:crafting_table":3,"minecraft:bread":10,"alexsmobs:animal_dictionary":2,"minecraft:potato":6},"minecraft:mined":{"minecraft:spruce_planks":9,"minecraft:oak_fence":1,"minecraft:crafting_table":3,"gravestone:gravestone":1,"minecraft:blast_furnace":2,"minecraft:oak_pressure_plate":1,"minecraft:coal_block":8,"minecraft:tall_grass":1,"minecraft:cobblestone":3,"born_in_chaos_v1:chipped_black_argillite_brick":1,"minecraft:sugar_cane":8,"minecraft:blue_bed":4,"minecraft:large_fern":2,"minecraft:hay_block":13,"minecraft:wheat":3,"minecraft:sweet_berry_bush":11,"minecraft:lilac":1,"minecraft:pumpkin":1,"treechop:chopped_log":1,"minecraft:peony":1,"minecraft:grass":19,"minecraft:bookshelf":6,"minecraft:coal_ore":19,"minecraft:iron_bars":12,"minecraft:purple_carpet":6,"minecraft:stone":1,"minecraft:stone_bricks":2},"minecraft:killed":{"undead_revamp2:thesmoker":1,"born_in_chaos_v1:firelight_not_despawn":1},"minecraft:picked_up":{"minecraft:iron_chestplate":1,"minecraft:crafting_table":3,"minecraft:wheat":6,"minecraft:lilac":1,"born_in_chaos_v1:black_argillite_button":1,"minecraft:blue_bed":4,"minecraft:lantern":1,"minecraft:purple_carpet":6,"minecraft:armor_stand":2,"minecraft:experience_bottle":1,"minecraft:stone_bricks":2,"minecraft:wheat_seeds":12,"minecraft:spruce_planks":9,"born_in_chaos_v1:chipped_black_argillite_brick":1,"alexsmobs:raccoon_tail":1,"minecraft:sugar_cane":18,"minecraft:coal_block":8,"minecraft:book":18,"minecraft:pumpkin":1,"minecraft:sweet_berries":27,"minecraft:oak_fence":1,"minecraft:oak_pressure_plate":1,"minecraft:spruce_sapling":1,"minecraft:blast_furnace":2,"minecraft:spruce_log":9,"minecraft:rotten_flesh":3,"born_in_chaos_v1:fire_dust":1,"minecraft:peony":1,"minecraft:iron_helmet":1,"minecraft:hay_block":13,"minecraft:iron_bars":12,"minecraft:coal":19,"minecraft:cobblestone":4},"minecraft:killed_by":{"born_in_chaos_v1:firelight_not_despawn":1},"minecraft:custom":{"minecraft:mob_kills":3,"minecraft:interact_with_crafting_table":5,"minecraft:open_barrel":3,"minecraft:time_since_death":22245,"minecraft:sleep_in_bed":2,"minecraft:time_since_rest":11884,"minecraft:sprint_one_cm":103979,"minecraft:damage_taken":690,"minecraft:walk_one_cm":114713,"minecraft:damage_dealt":631,"minecraft:swim_one_cm":2406,"minecraft:talked_to_villager":12,"minecraft:fly_one_cm":89865,"minecraft:open_chest":12,"minecraft:crouch_one_cm":510,"minecraft:play_time":40617,"minecraft:deaths":1,"minecraft:sneak_time":405,"minecraft:walk_under_water_one_cm":2093,"minecraft:jump":504,"minecraft:walk_on_water_one_cm":1266,"minecraft:total_world_time":40617,"minecraft:fall_one_cm":11203},"minecraft:crafted":{"minecraft:crafting_table":1,"minecraft:spruce_planks":108,"minecraft:wooden_pickaxe":1,"minecraft:iron_sword":1,"minecraft:stick":40,"minecraft:stone_pickaxe":1,"minecraft:chest":1}},"DataVersion":3120}