{"stats":{"minecraft:mined":{"minecraft:hay_block":38,"minecraft:acacia_leaves":9,"minecraft:creeper_head":1,"gravestone:gravestone":1,"minecraft:grass":25,"minecraft:grass_block":2,"minecraft:spruce_fence":2,"minecraft:chest":5,"minecraft:green_bed":1},"minecraft:killed_by":{"undead_revamp2:the_moonflower":1},"minecraft:killed":{"undead_revamp2:the_moonflower":1},"minecraft:custom":{"minecraft:time_since_rest":2049,"minecraft:sprint_one_cm":46294,"minecraft:damage_taken":360,"minecraft:walk_one_cm":50919,"minecraft:mob_kills":1,"minecraft:damage_dealt":120,"minecraft:fly_one_cm":19411,"minecraft:open_barrel":2,"minecraft:open_chest":23,"minecraft:play_time":26709,"minecraft:deaths":1,"minecraft:bell_ring":1,"minecraft:sneak_time":25,"minecraft:jump":161,"minecraft:leave_game":1,"minecraft:time_since_death":19080,"minecraft:walk_on_water_one_cm":731,"minecraft:sleep_in_bed":2,"minecraft:total_world_time":26709,"minecraft:climb_one_cm":3165,"minecraft:fall_one_cm":3315},"minecraft:used":{"minecraft:iron_hoe":45,"minecraft:bread":3,"minecraft:iron_sword":4,"alexsmobs:animal_dictionary":9},"minecraft:picked_up":{"minecraft:book":2,"minecraft:wheat":6,"minecraft:emerald_block":1,"minecraft:creeper_head":1,"minecraft:flower_pot":1,"minecraft:salmon":1,"minecraft:green_bed":1,"minecraft:spruce_fence":2,"minecraft:dead_bush":2,"minecraft:dirt":1,"minecraft:paper":4,"minecraft:pufferfish":2,"minecraft:rotten_flesh":3,"minecraft:tropical_fish":1,"minecraft:diamond":1,"minecraft:kelp":3,"minecraft:wheat_seeds":1,"minecraft:hay_block":39,"minecraft:iron_ingot":5,"minecraft:cobweb":5,"minecraft:poppy":2,"minecraft:iron_nugget":2,"minecraft:emerald":6,"minecraft:spruce_sign":30,"minecraft:gold_ingot":6,"minecraft:bread":5,"minecraft:melon_slice":1,"minecraft:chest":5,"minecraft:cod":1}},"DataVersion":3120}